-9.962172229564616455e-01,-5.232969511259282225e-01,-5.571545017287793389e-01,4.193502578510617251e-01,-1.655693176874037942e-01,7.144567909890287005e-02,-9.630584926063658902e-01,6.868143409306581848e-01,-7.444176935234068093e-01,-8.420973937248632524e-01,-1.844332066730665076e-01,2.615436914121616052e-01,5.557907394656447231e-01,-3.987210689747655579e-01,3.774474434054460037e-01,-4.022717918688951677e-01,4.912442751012722209e-01,1.645655634483393914e-01,-6.377183647845949821e-01,3.572289663832057816e-01,4.188654213947027305e-01,-5.039043663717888144e-01
4.144605708815296552e-01,7.677641191401947118e-01,6.284111905499516482e-01,-9.030161781131234022e-01,-8.447614987678839782e-01,-9.173281254015852593e-01,8.365338031189610835e-01,-4.320217417632621348e-01,-9.202918247041538269e-01,-9.447436480911890477e-01,9.523400683913556541e-01,3.415512612709983298e-01,9.232078523043738549e-01,-5.258066859575372121e-01,8.152698475539721379e-02,-7.264961797397948562e-01,-6.949618612893373459e-01,-5.880777001391317427e-01,-1.322904075492870035e-02,-5.679555474466873033e-01,9.929542827050310549e-01,2.763783279318979602e+00
7.783550964518481941e-02,8.200501056027567071e-01,-5.017195141827546223e-01,-7.438703669300597010e-01,-5.273799765796451933e-01,-7.901015467026581973e-01,2.692508587399096154e-01,4.194966846153846962e-01,-3.138716842523501249e-01,-8.942941259548937705e-01,-5.018862126301297799e-01,-5.565721471654727637e-01,3.567024921173755914e-02,5.487735363444334880e-01,4.578970254385281713e-01,-5.722515716087130944e-01,9.250487602136587828e-01,5.252207985107972821e-01,3.311003850789540071e-01,3.194431771539638643e-01,7.167184537867326011e-01,3.516953292788974395e+00
5.634710717771731492e-01,9.160134967660522598e-01,-1.096797412497234614e-01,-8.224803525865975740e-01,-8.227408616137501518e-01,-2.296774461682080659e-01,-5.770127244750788975e-03,-1.186678753590664215e-02,1.021829767886255347e-01,4.337962125147472037e-01,1.195635988218630708e-01,-3.852353803313670610e-01,-4.394763171117934686e-01,3.000474637727883476e-01,9.906823718716939453e-01,-1.745454861306128258e-02,-4.476193537648700538e-01,5.841912321533544450e-01,7.867167170630309236e-01,9.755880800458398561e-01,-1.576927061605131186e-01,1.212466818192865503e-01
-8.565732821502496375e-01,6.996871509983682014e-01,-6.779272569133008020e-01,-2.925087244570383493e-01,8.250252560211630559e-01,9.422765970241242517e-01,-7.358503914134584267e-01,8.726228156846369544e-01,-9.072390071790008559e-01,5.273564325339925585e-01,5.257352656085363396e-01,6.699302537095674914e-01,-4.509833605825444014e-01,-5.857035036350031199e-01,1.268541662677613591e-01,-1.155054063125233732e-01,-1.412969603938936114e-01,-9.485950177406268224e-01,-5.161991764681712613e-01,-1.699110385986826177e-01,1.755626754733623507e-01,-1.380569372263377614e+00
6.661851739703001929e-01,-3.382573015715770737e-01,3.659623012459400915e-01,3.710380602950869022e-01,-5.039242391488116812e-01,1.329138261586253478e-01,-1.701152806689618657e-01,-3.576539365277340288e-01,-5.641946227799299329e-02,-2.225754218266495776e-01,-9.750025440748388839e-02,2.975628570455366440e-01,-9.373620073052024715e-02,-7.446898647087096812e-01,-8.685849482665422006e-01,-6.034937425173250158e-01,3.434834024309196820e-01,9.402389154579198216e-01,-2.779540839158656240e-01,-3.175439846959176027e-01,-8.180811546191963934e-01,-4.113738473943969964e+00
8.392710598220409768e-01,-2.038712297010929486e-01,4.349877482917052784e-01,-6.996496355890193808e-01,8.974759626825248304e-01,9.477096444065136183e-03,-6.757249635329924953e-01,-4.068825129424757936e-01,-6.755600994454904473e-01,5.741864030890708737e-01,-7.789270349565342588e-01,-1.062965361199708081e-01,6.971044102151457977e-01,8.051875076463694825e-01,1.916639661105410397e-01,-2.095951932862905043e-01,-9.760645621650863024e-01,-8.081236703580652048e-01,-7.400576546309123316e-02,3.970167615281900986e-01,-3.750700345276181125e-01,-1.905600518231078677e-01
8.478838697872030927e-01,-2.678838783683930025e-01,1.972059915561930055e-01,-4.780471112798916344e-01,6.163237825573881778e-01,-7.298015782696976039e-01,7.926539096565672349e-01,4.506434109948183053e-01,-8.759996040598141409e-01,-4.554952614295888491e-01,-3.064585410051756664e-01,4.823419422792982747e-01,6.667988160556119759e-01,4.380719018749559268e-01,-4.672853828976464285e-01,6.851274278964263331e-01,4.240909316920893346e-01,8.563072108285731954e-01,-6.773835474694591685e-01,5.367627696207721844e-01,-4.207830305418025496e-02,1.542562804243938324e+00
4.885051217365214971e-01,-2.226348029696567643e-01,-9.819121495647016307e-01,-5.295026836140097615e-01,-7.505806923586655355e-01,-7.908290429071096472e-01,-9.655223644440924513e-01,-2.026702144625069923e-01,-3.523572483578689685e-01,3.261719577095141265e-01,-4.499080787272309312e-01,-6.259770931259001081e-01,-1.766886441402064634e-01,8.677509058234442740e-01,2.828218982886772093e-01,3.915471796229457180e-01,3.881862398326727526e-01,-8.187979394075290962e-01,9.686514372379557702e-01,8.942234288146291288e-01,7.104500104447031283e-01,2.901329478536905704e+00
-4.153755419217457501e-01,5.917903306776985950e-01,-1.778066777265285836e-01,1.888923071895931560e-01,-7.757739340647986648e-01,8.284532520672112099e-01,2.912519204782020310e-01,-5.705177842680786426e-01,1.301337655131720172e-01,8.731578719829413693e-02,1.864680694569478270e-01,7.933979559670878423e-02,4.876647962948708059e-01,5.761414227982848413e-01,6.882496432034466149e-01,-4.255826151859918305e-01,-2.979634767478893664e-01,-7.505989843330520550e-01,-3.716406501061073619e-01,-2.280402904913758633e-01,2.867638353117003547e-01,2.303826272009872778e+00
2.226560933287409227e-01,-4.143666480031604760e-01,9.864578558530134877e-01,-6.397961881221641001e-01,-4.518938526775930775e-01,-6.499625658500500780e-01,4.973766623498636630e-01,4.217977964794572543e-01,6.065207704010797674e-01,4.250142110357251202e-01,1.606423115019832704e-01,-7.355760454411717220e-01,3.672481017715072404e-01,-2.509650417175655068e-01,1.686107043574591735e-01,-9.141255888623018855e-01,-7.026043133376858041e-01,-6.028542869210775645e-01,2.473713918868609696e-01,-1.882041861430965302e-01,-4.173068943257485230e-02,-1.297454893829919076e-01
6.314731621553695273e-01,7.416112989137659817e-01,4.007479839307570568e-01,5.115323418752568685e-01,-8.247257172391719848e-01,9.184499611702914290e-01,-1.690794321177369053e-01,-1.542382332723144511e-01,-7.634896592656883474e-01,9.082383408768106570e-01,-1.127123225690165320e-01,-9.255650966668602653e-01,-5.497674443214983775e-02,3.846582449480828725e-01,2.583807983110244511e-01,-3.964448101834785465e-01,1.761817883804817075e-01,1.127386690046818796e-01,3.492334451398715345e-02,9.746287881537769593e-01,-9.134270983524324095e-01,-2.140044237278868167e+00
-8.137854594447138101e-01,-9.690471871649830593e-01,2.988921431596309741e-01,-7.022307139321644076e-01,-9.543926798950908008e-02,9.056658702027982066e-01,4.783508250324977062e-01,-3.954281375086017292e-01,1.136691470706159279e-01,5.362163731553397650e-01,-1.706235275426251086e-01,5.643221911439595395e-01,-8.803502217776142391e-01,6.466701283258582400e-01,4.749542468033172149e-01,-3.959449284186324913e-01,-4.599861246842802398e-01,-3.780491282637603589e-01,3.666766682165234492e-02,6.632089271687535703e-01,-1.700032548801910792e-01,1.261681317043640949e+00
-9.639242084613326433e-01,9.417020241240763312e-01,8.512117439639088623e-02,-8.584978900651774048e-01,1.482520677294276723e-01,-1.299281185798448757e-01,-5.951990219766716272e-01,5.143780390188161800e-01,-4.924590473275893832e-01,-3.743508429498485501e-01,-7.822966523852359355e-01,8.040148199836065768e-01,-5.151547995071497077e-01,1.636020362735595146e-01,7.827944584561841168e-01,7.963153352254708217e-01,-2.436414011316656580e-01,8.605266305115022440e-01,-9.224679477485824286e-01,8.658939799760039246e-01,-6.686458426705745861e-01,-2.273932477441276134e+00
7.432152803850866629e-01,4.734881445759164809e-01,3.171653967630772009e-02,-4.385579885716304194e-01,-5.914549474436192611e-02,-2.178925713257697794e-01,3.340984596383336225e-01,-1.800368914203851478e-01,-5.476482770602593142e-01,-5.961470823670773633e-01,-1.471451023487695409e-01,6.439396173239986254e-01,6.123145461027290626e-01,-3.455699756372085929e-01,2.509596098479711657e-01,-5.701320278245214368e-01,-9.411060689000618762e-01,8.487569556441183494e-01,-1.971325785749533654e-01,2.430155449836954862e-01,9.416975076219145091e-01,2.468051031229659742e+00
4.248219352977853358e-01,9.270593532574089579e-02,6.719362520395808502e-01,-8.227258796107428385e-01,5.659877918048499268e-01,-4.561811464722147491e-01,-3.552104096681474310e-01,-6.807637207523504763e-01,9.330470174281897400e-01,1.315553685553325636e-01,2.256770319752032794e-01,-2.608786231931128352e-01,-3.302795810015255462e-01,-2.479374946008801039e-01,-3.118577946952616475e-01,-5.716360299719194238e-01,-2.797704982123847550e-01,7.330761509970074030e-01,4.228110201794641476e-01,-2.300076294272195288e-01,-6.130540180480221757e-01,-2.690247453013974166e+00
4.988605674717327965e-01,3.755926883560816165e-01,8.803287693408046177e-01,-1.178073894706099800e-02,5.607830242506068874e-01,-7.133631605303691892e-02,-8.968118863805580876e-01,7.201610256327022341e-01,-7.874585349857883276e-01,-5.183142949575123559e-01,-9.457349608502125804e-01,4.950834365863445719e-01,-2.883570616858841529e-01,-2.622312016929004841e-01,-1.899961406262837826e-01,-9.969954457503977796e-01,-9.465908946568406535e-01,1.595708338793855319e-03,-7.251313677105533095e-01,-3.347718923139000324e-01,-6.171533092904692985e-01,-3.272734217637767173e+00
-7.903635481178321598e-01,-7.961878941568261148e-01,3.540894014271156465e-03,-7.729486820265629721e-01,-9.706018604867496791e-01,-3.655521099657299544e-02,8.498866186830844605e-01,-3.364855549994993922e-01,-8.987570384641179189e-01,6.615394470508468849e-01,5.874282729261579572e-01,-7.607857143206901984e-01,6.384184231216429861e-01,-8.627580616052861195e-01,7.713834569023931831e-01,-3.405994974408830256e-01,-9.963277267610808341e-01,2.486049209371730129e-01,1.172064754691326538e-01,-6.673766240394731764e-01,9.728810941089696129e-01,2.043013777799421060e+00
5.789803284158123731e-01,-6.869790534818756012e-01,-5.471557996533507051e-01,-8.316746984304159707e-01,-7.091993538157799204e-01,-9.127184021152106030e-01,-2.418252593757117541e-01,-6.079694282873766564e-01,-8.625793898398974591e-01,9.945560163394659980e-01,-2.332990682210496214e-01,6.338070237524116024e-01,-9.234179577454992849e-01,6.482203789882323708e-01,-9.711252245495805013e-01,-4.378354951416909557e-01,6.001446688985452305e-01,4.324993677707351658e-01,9.492310855949486204e-01,4.682643024165578094e-01,2.001190490539175304e-01,1.654972645762505579e+00
5.022999628703725961e-01,-5.409220437044064411e-01,-6.490000671096596285e-02,-5.168734219262176577e-01,-3.730265253758580091e-01,-4.507586833379226832e-01,9.801093582659656800e-01,3.383611969897633021e-01,2.478235610496417607e-01,9.672257449613901326e-01,-5.884401280834938852e-02,-4.639256642751374837e-01,7.560894412301395473e-01,-5.027385267102471023e-01,2.711274069087821204e-02,-2.648358094816658515e-01,-5.115102990679996076e-01,-5.211281503212374933e-01,-4.869008949233222250e-01,1.455694722140135067e-01,-1.861537409235232143e-01,-5.838289179250981675e-01
-9.656005735092327846e-01,9.584866064082915305e-01,2.165056675448338019e-01,6.683363694670658717e-01,-1.769242840791229732e-01,-6.533969329766944334e-01,-5.272029487458795849e-02,8.175736072451695868e-01,5.268233876552350647e-01,-1.401910276799753774e-01,-3.217448553499659969e-01,6.869674286140357022e-01,-5.890024636831083793e-01,9.031092412145009796e-01,6.561156730298127737e-01,5.599709680322635386e-01,-5.184159914810906322e-01,-1.128796437296861743e-01,1.077179529229979060e-01,6.720839342504114633e-01,2.888650482460086710e-01,2.620093332292440014e+00
4.687588525490649083e-02,4.819919142757764785e-01,9.048274809202028202e-02,-7.273915821416501171e-01,-3.065548733631460188e-01,-1.134393970110940675e-01,9.653679100386751699e-01,4.236320398329318504e-01,-3.298816005573446120e-01,4.790024058360136117e-01,6.503386780571274173e-01,2.793374348113664141e-02,-8.047327722266555128e-01,5.625185562576651144e-02,3.790528909703005933e-01,7.113495157928479973e-01,-7.896858167347842183e-01,-3.152665420713425259e-01,-4.883045446871501216e-01,8.067217232434320540e-01,-1.706396380617667408e-01,5.659527071049079705e-01
1.810924455901583574e-01,5.163271969499239056e-01,3.871134394965705106e-01,-8.907499216911092255e-01,-9.029403016573480656e-01,6.251506860450213310e-01,6.805188027916451166e-01,5.788810033136460031e-01,-7.786205699699326743e-01,-3.628900654170130746e-01,7.786443543416075030e-01,4.074203536184060059e-01,6.805060032926779634e-01,-2.663503980895203238e-01,-5.921266080565974477e-01,3.208900321285901303e-01,-6.610688002352247405e-01,1.033706570962038551e-01,-4.377870907125331890e-01,6.789078171463458489e-03,4.926154781693641294e-01,1.625664441120696857e+00
4.417485029071004377e-01,-7.492804902152740976e-01,2.412345618855844531e-01,8.299668410868434876e-01,-6.964979555955728152e-01,3.328294066847992116e-01,-8.505395529902710638e-01,-5.395659101103467137e-02,4.845913207899938957e-01,6.577912494327642356e-02,-4.850987263857535758e-01,8.623764466111225602e-01,-6.566569459949933574e-03,-9.227022993728650757e-01,3.503153950764348323e-01,-3.854621683216041816e-03,-8.843450482897630138e-01,-4.731295927418981417e-01,4.081546022142090724e-01,9.164663369301091489e-01,1.297378817068304269e-01,-2.306730506615510379e+00
7.505883093047138743e-01,-3.968959961331823827e-01,-2.933601888755663634e-01,-2.601675451512108772e-02,-1.607503163422951964e-02,5.977365145371000832e-01,-2.027937211515125071e-01,9.740032778860485685e-02,-4.068897697250835055e-01,-6.524758639520118475e-01,-2.356020663191582543e-02,6.155221234800343222e-01,-1.163256294690833137e-01,-3.897639035235429539e-01,9.719932053589108722e-01,-2.618062745870208818e-01,-8.710425811053366107e-01,4.824821343866532164e-01,-4.234550165608148564e-01,7.996841110264709673e-01,-8.393139188266687256e-01,-3.500263284678604592e+00
-7.359383445501392895e-01,-3.283454520822597367e-01,7.532315205334536579e-01,-6.089187362158954286e-02,-5.768151053787886617e-01,-3.335262264898708473e-02,-6.228919024811085947e-02,-8.911756798954268977e-01,-7.546589775793925980e-01,7.310838817201130713e-01,7.561174115417719221e-01,-7.063637770370221336e-01,9.776722253169989330e-01,7.778834213049599100e-01,-6.267870375390343085e-01,9.966364610870726004e-01,-1.999657889869239646e-01,7.923483625734069058e-01,-3.211930179164386168e-01,-2.331116648419908621e-01,5.945011466111538301e-01,3.276981092195270229e+00
8.778968200462886617e-01,1.450338836439097889e-01,-3.840990529121186547e-01,-6.899713002798479877e-01,1.285622336264444776e-01,5.728361028326749427e-01,-7.800613789366985795e-01,-6.165788294540974768e-02,2.533397579159879509e-01,-4.377538761613690710e-01,-3.686676121618512880e-01,5.649646663615439657e-01,-6.814721960434153569e-01,1.941466480874334266e-01,-8.628205538061977098e-01,9.461563320848016545e-01,4.511830378250205609e-01,-5.588852518282241277e-01,7.655817062777678927e-01,-9.839913325912084119e-01,7.953125891985100004e-01,1.994169684833698275e+00
3.865533963372023152e-01,7.060888003001375424e-01,8.922500662072658795e-01,9.916632752022664921e-01,-7.551135254924659090e-01,3.773611268179939415e-01,-8.817682764091714365e-01,3.765091291119972983e-01,-6.793500045197762294e-01,-4.393313420707565253e-01,4.339521721932990683e-01,9.115164160518869352e-01,1.459978944971118686e-02,-7.056331062845861979e-01,9.668351510560726503e-01,-5.256426999100205499e-01,-4.390339295341769699e-01,-3.079289708664409986e-01,-2.590095546287392025e-01,7.057515668916969354e-01,-5.281042689545667468e-01,-3.877347295842043629e+00
7.199325155133748932e-01,9.061163425021510065e-01,-3.781012755434800532e-01,-4.970705978075282694e-01,-1.248259288133781730e-01,3.718142838142333151e-01,4.661344032126568671e-02,3.735872185642949983e-01,6.018053419281743643e-02,1.686512801063577704e-02,3.866477651873123644e-01,-7.916525040067361463e-01,7.316017789349280598e-01,-6.796814874640666471e-01,-9.437885648159296537e-01,-7.308886879365843470e-01,8.755568255976053926e-01,9.084337870918246516e-01,-5.125794355747905762e-01,9.586994117172422669e-01,1.489372804983775112e-01,-8.659376931117350740e-01
-2.802640877965387745e-01,2.120588772081728468e-01,9.366930674691225089e-01,-2.042001006335929514e-01,5.055776498233197636e-01,4.011027326344804855e-01,5.471304251219539783e-01,-9.824902049409411919e-01,4.380166105315079772e-01,-2.641783566165083474e-01,2.084548993964663310e-01,8.479896884711659588e-01,-4.372209314497037536e-01,4.057844534300099060e-01,6.734133640239536867e-01,-2.737113600557217197e-02,5.590012051184616304e-01,7.189163132602560680e-02,-7.920332340564699702e-01,-9.981451161748824408e-01,5.825244536038016729e-01,3.106272692793378809e+00
5.532224083707895090e-01,-6.468284315043320021e-01,9.765664920467294063e-01,9.984420458868521475e-01,7.293081135521144454e-01,6.926431772589396463e-01,-8.124994969878325257e-01,-8.214542544222753762e-01,8.135438400439056750e-01,-1.826643699493484263e-01,4.903460217836359547e-01,-4.894034624159484537e-01,-7.144670456595192398e-02,1.051583099405843935e-01,-9.047752230080066127e-01,2.967486995536137151e-01,-6.572733517659121727e-01,-7.784165207954547583e-01,-1.689041874155052803e-01,-7.690764850160363153e-01,-2.791850972819216459e-01,-1.439738168952428676e+00
8.898340216439801775e-01,-1.585948729939277158e-01,-3.358257384658724920e-01,3.655985221420348097e-01,-7.419786356930238025e-01,-6.089736652968573694e-01,-4.207843221036413617e-01,2.259111047221808999e-01,-3.889775759362132934e-01,-7.703472660125267879e-01,5.639857517148563204e-01,-6.862585142566020036e-01,4.430242150506771281e-01,-4.935161031766130968e-01,3.158747528059069332e-02,-9.999915729835646694e-01,-2.223240601382630022e-01,-1.733441480670496748e-01,-6.786094031417695405e-01,6.666892729098272685e-01,-2.538336024532747981e-01,-2.169317335816692172e+00
-1.436813630303228617e-01,2.678036595921502450e-01,-4.635667145134614309e-02,6.877751774079143843e-02,5.711562400867042921e-01,-8.898556109401694059e-01,-6.730293720407605207e-01,9.298593220020523464e-01,-3.684893449997390658e-01,8.234827963649220539e-01,2.428247159027392410e-01,8.698498460038095459e-01,2.088609932444731587e-01,-8.848351549851218856e-01,-3.203947766495307548e-02,-1.834956048392655248e-02,4.573600551661156643e-01,4.307939997718670533e-01,3.068087243418942123e-01,8.578559323812595672e-01,-8.061463690389496506e-01,-4.861138789127853244e+00
6.019058138716182338e-01,-9.297651753293030286e-01,-2.077691161259227481e-01,-1.335903054308529292e-03,8.151855234743194956e-01,7.588614848932053736e-01,4.948553021953778774e-01,2.813459357410870165e-01,4.335508155532983299e-01,1.029346626769203077e-01,-1.534776867650671228e-01,-7.056448949554965377e-01,8.845573557333024084e-01,-1.775782118480260241e-01,-2.729340391772181462e-01,-8.986359876322080886e-01,-6.982233608876937669e-01,4.387743056197859204e-01,9.247142295224834996e-01,1.403103957927829271e-01,9.898912096128433813e-01,3.109372507337855751e+00
-3.942809811253606966e-01,-8.187297534560942225e-01,2.716790809345355218e-01,-1.139342512877727920e-02,2.067722107120475439e-01,2.800850702180128771e-01,-2.170139757471865050e-01,-8.986954494815395655e-01,-7.898140130365274292e-01,3.784114869056562913e-01,7.656619010497904831e-01,8.180745906431046155e-01,-7.965641158009171274e-01,-5.692731513251525488e-01,7.664057659117249344e-01,8.441776900935946681e-01,1.672033297674879737e-01,5.727494709581217869e-01,8.831745211670567475e-01,-1.956901764657157372e-01,6.678471133750372157e-01,6.479810617276198226e-01
9.606189794327433251e-01,5.116906060662647082e-01,4.865380274312878228e-01,5.412561646598117449e-01,2.186680106140446167e-01,3.966304348533959967e-01,5.673532211552223536e-02,9.619226545938308615e-01,3.225746323763554191e-01,9.003119742695326888e-01,-9.477126115074629986e-01,-3.657014290308282511e-01,7.426215066180954505e-01,-3.530398325161929751e-01,-4.215342203258243270e-01,-6.110477142240859916e-01,-2.530564568330253561e-01,-1.196295877685216169e-01,-7.180696614384760590e-01,2.546264295183038318e-01,-2.300977762806530880e-01,-1.339637671758822979e+00
9.867180115746441160e-01,9.462788042876566497e-01,3.204531652738293879e-01,4.688114931701079513e-01,4.675627174862575508e-01,-4.911147708668037737e-01,6.339869779054636556e-01,1.509885214516226704e-02,-2.050286820784228414e-01,-8.970514504422679725e-01,8.605367372848446994e-01,-1.132091456392192441e-01,-3.031432145496240071e-01,2.863308914487856516e-01,-9.964848286644760744e-01,3.663513026206164369e-01,9.832753233168078921e-01,4.137912608403100378e-01,-8.485650094948489208e-01,-2.042404395005905648e-01,-3.408949216288112982e-01,1.839639959166010641e-01
8.109495628404905787e-03,-6.841555777193479848e-01,6.064780714669122386e-01,3.698468339240630343e-01,5.391237273740163705e-01,2.297872575132475781e-01,6.365825554673079090e-01,-2.529307919072221189e-02,-9.462147416081383433e-01,-5.725950084080919655e-01,-2.685078642288396544e-01,-7.444684149582767585e-01,1.345506618796443732e-01,4.605866597786425487e-01,6.167905041988315240e-01,3.481453199302046997e-01,9.999340552172086838e-01,8.471012951022331983e-01,2.277492012565507373e-02,9.753864599525914336e-01,5.909797237716334362e-01,3.330695046339493537e+00
-7.773476322293038088e-02,8.573491915887934134e-01,9.372492168448838257e-01,2.318585451990069490e-01,3.423951679949599480e-02,-7.730683608983790478e-02,-4.123208230707544608e-01,-5.203402982384404130e-01,5.254435371452013115e-01,5.803001745118028243e-01,-4.049322097136953680e-01,-7.309076482477827597e-02,-2.733766632018055365e-01,3.360200995903603882e-01,-1.808049236348987510e-01,7.576724495559370443e-01,-2.747682816467043043e-01,-1.741150190471756343e-01,-9.208584937315453800e-01,-8.872230916113144072e-01,1.169258843398317538e-01,6.104970291294615770e-01
-8.884484777246304255e-01,-2.944884726775121031e-02,-3.351826717267323286e-01,2.342750265670476839e-01,-6.242125424451097082e-01,-4.075883105519995109e-01,-3.084911988863618948e-01,-5.077150790330833274e-01,2.189175343957781017e-01,-4.007119963379777161e-01,1.418491704166304768e-01,8.657107073785716977e-01,-7.654995511229245597e-01,7.584096187694178148e-01,4.157929809286864398e-03,-3.147982502705548580e-01,-3.777304624075108475e-01,-6.297145712970659837e-01,7.915679527051264763e-01,8.902273486145355630e-01,8.397125629708750427e-01,3.727465727565099307e+00
-9.003450038126550314e-01,-7.895956807291422130e-01,-8.622068772840749684e-01,-1.251944534100024597e-01,5.647752659151696886e-01,6.982378062079925840e-01,-1.976934593650940819e-01,-8.272473441915366710e-01,-8.398887049093757273e-01,3.686917555789706036e-01,1.231876758779915093e-02,8.839205619333712072e-01,-7.870561524392618580e-01,2.845955806016353673e-01,8.597213672611969670e-01,-1.294524842555651034e-01,-1.290458357405686041e-01,6.427012474259254926e-01,-9.872619719250139703e-01,-9.114063651794552801e-01,-8.556433859420156107e-01,-2.195432455987869957e+00
8.020858652388291876e-01,-2.827972162495835384e-01,2.316166011513409728e-02,6.088989982199497497e-01,-4.319591706481376026e-01,-1.014769668546231518e-01,-9.873981284634010258e-01,3.623357524500967486e-01,8.407916733628957306e-01,-2.773171836174959104e-02,5.082031079665667583e-01,-7.376064255423013805e-01,-7.606124357207311171e-02,6.790736388722513617e-01,8.546910309236899206e-01,-2.483643362548568767e-01,-1.810041287547559108e-02,1.912882072293238256e-01,-2.714576122929039936e-01,1.516681436330011845e-01,2.713726364763076049e-01,1.184867058710024512e+00
-3.047625936154181314e-01,6.283484994886177066e-01,9.093019577704015699e-01,4.760630640104508426e-01,7.245270117209658967e-01,-5.724125294065351977e-01,-5.246560394627899360e-01,-9.170674726439840274e-01,1.180411377454837485e-02,6.464573033642275757e-01,6.519906580852492528e-01,-3.327186380603595062e-01,-4.833447872918290589e-01,9.164476988287599823e-01,-9.992864983584457406e-01,-4.458195999315179847e-01,2.052107426650524591e-01,2.769001375514068553e-01,4.097386680071053444e-01,-9.738319170513813905e-01,1.328645477490353333e-01,1.706833001441836029e+00
3.300412243725725503e-02,4.342752456155671847e-01,7.325311551900177687e-01,9.797128293761698803e-01,-1.624919150377448496e-01,-8.635923999499361958e-01,4.334204407501007772e-01,5.227667755787268611e-01,-5.333162382911900146e-01,-5.451335770427712113e-01,-9.680301923262788488e-01,-8.191546091526367146e-01,6.628040272872344207e-01,-4.589524199290129225e-02,-4.792470850841721308e-01,3.794511415624244322e-01,1.421691813421195327e-01,-1.492904764322866562e-01,4.066658185451266228e-01,7.349450321307822165e-01,4.919371968752133117e-01,1.817441547389938128e+00
-7.026830730932873692e-01,9.347910463653308355e-01,4.402332719389607796e-01,-9.271477729101129661e-02,-5.476888332682283700e-01,-1.788661971805123319e-01,9.494213691995931903e-01,-8.252566014985318610e-02,-6.039927274726089035e-01,-4.929145674710351255e-01,-3.767731063031074523e-01,-4.578127782896652676e-01,-2.039577192565231734e-01,4.260602286323176280e-01,9.977720223160626567e-01,3.298580293896158366e-02,-8.702527077675301648e-01,9.571607784755182813e-01,2.916198252114636791e-01,-3.303891835136301136e-01,-5.075022591094024982e-02,1.649291148731407697e+00
4.197336869852650310e-01,3.840002312244716887e-01,-7.590355024999850819e-01,7.097999284591280933e-01,-9.509339693381095859e-01,-9.792616782481884385e-01,8.912252442672086161e-01,4.265625394361305389e-02,-6.819289364347043136e-01,9.280687215683871560e-01,-8.824702477593280303e-01,-1.105884414730651244e-02,1.073719197787630364e-01,-1.914438802008033846e-02,6.821148427723287000e-01,-4.874506591378560127e-01,-8.995572596082326289e-01,-4.168229881746099430e-02,-4.637355154911382282e-01,-8.262043314502038882e-01,-8.161642136981006601e-02,6.080872041176177412e-01
2.542673642527508715e-01,-6.203518680800421681e-01,-8.096397681332481167e-01,-1.192557176938100483e-01,8.971318000466594889e-01,-5.295174278590892847e-01,-2.381896215156531493e-01,-1.089582476666950406e-01,6.025186592599318658e-03,8.627065559746931456e-01,-1.938057778844481938e-01,7.522226740509159182e-01,-4.994491060142627337e-01,-8.490700243465587604e-01,-7.079647352496138968e-01,1.455387114102153490e-01,-5.832833523963620870e-02,9.152914947094497045e-01,3.231376086606032594e-01,-7.848199098076207303e-01,7.194946738319294433e-01,2.221543512870176595e-01
-4.203548819605895659e-02,-7.189150009197364799e-01,-4.533907490559874187e-01,7.165402250832255682e-01,-8.068288131221665882e-01,-5.961742919125172513e-01,-9.456315078542663066e-01,-5.831401374828699691e-01,3.258660733209592930e-01,-3.354331903309939467e-01,4.284373304374671232e-01,3.128428874326760756e-02,7.111706877893768652e-01,-3.517140686938491356e-02,3.322629182713254803e-01,-5.504554493162039375e-01,3.285851026593882285e-01,4.208181621833295694e-01,-3.048771882249590170e-01,5.766439033662222879e-01,-3.474905356387720801e-01,-2.058445928509352374e+00
-8.304364244268112039e-01,2.901249131045990914e-01,8.412429743158185147e-01,-6.795327579571388554e-01,-8.301768559381761392e-02,-4.679576296830381121e-01,8.148177669216281060e-01,1.899261840896393494e-04,-5.819936634293765287e-02,-6.725667623032105524e-02,-2.733841731843478229e-01,1.889990342585927685e-01,3.467542353856127857e-01,1.654956423502540463e-01,4.184766058430531288e-01,1.499254863106738167e-01,4.595422588236046657e-01,4.477867693490245049e-01,-2.996995500853023575e-01,-4.376959269477098680e-01,-6.114903031746767859e-01,-6.886618579018941588e-01
3.711080967941089437e-01,2.794631352089125276e-01,-4.081516737521415639e-01,-4.622265641020932847e-01,1.998941397370379569e-02,6.449960088906376843e-01,1.007884696821175208e-01,-2.834873140395042235e-01,4.912928507153273561e-01,-4.751637467830307493e-01,4.787716894893008224e-01,4.950793521675238562e-01,8.170584071102608981e-01,-8.680920068073696427e-01,2.281498574528633139e-01,-2.257281816305700684e-01,-1.683273459846645892e-01,-2.767158602531520906e-01,-5.156538869917588475e-01,7.666709232632813453e-01,-6.254630876413687091e-01,-3.511784806856727670e+00
-4.889116628001619613e-01,-6.837329915422845072e-01,8.957111223271787548e-01,2.513796773306362642e-01,4.368794051772910692e-01,-3.996322453910290395e-01,3.074864707647744222e-01,-2.572596610199195943e-02,3.716864472993908208e-01,1.727071615696613716e-01,-1.344359764005824687e-01,2.183775125291491648e-01,-2.595133539416361046e-02,-2.954315724162432932e-01,-7.987750001338473904e-01,-5.066078835989800133e-01,-8.651044879294114143e-01,-5.260170130029837576e-01,-6.383936176225850634e-01,7.639680496653176167e-01,-1.432379999302082485e-01,-7.130906738583369098e-01
-5.570921475946495338e-01,8.725911103331391860e-01,-3.714191710220078324e-01,6.978652098313198326e-01,5.665839154758309792e-01,1.322491135963372866e-01,9.770305503817349191e-01,2.220872204368704583e-01,7.165308614712766477e-01,2.369496004690376800e-01,2.801205971958433683e-01,1.344813168731417985e-01,8.745646236657664829e-01,-6.999338812940849586e-01,-8.165561195124817484e-01,4.880740273007124763e-01,7.646751582720443530e-01,-5.791887599103047179e-01,6.957343021059736454e-01,-7.322437639778172080e-01,5.392330561027605107e-01,1.194861956101846534e+00
8.466014725881065850e-02,-3.470538523934025843e-01,-5.406882683411875501e-01,-2.888602722228263975e-01,-5.043043366332593536e-01,8.598193062823840105e-01,6.215326921750647937e-01,-2.676537709239341645e-01,-4.090071215438491059e-01,-2.273792146521591562e-02,-1.666798821144745979e-01,7.856916231882329349e-01,-8.164340333884356760e-02,-9.299078773517415186e-01,1.051634391505218424e-02,-6.171862429755843316e-01,3.512048543188277527e-01,5.682107651592720465e-01,-6.692993112633427444e-01,-7.626652313752178003e-01,-7.658874502489321223e-01,-3.535945413275214833e+00
5.069131454082895782e-01,3.497544792562119476e-01,-2.871317867708824689e-01,5.348353372432403940e-01,-1.457306864816869663e-01,-1.723208709980359465e-01,-8.783369860182534961e-01,-1.631679689446916548e-01,-9.525479467095081532e-01,9.143963452344765486e-01,-9.307323163005958300e-01,9.167286567948125242e-01,-3.597463756232714971e-01,-4.997001566358287850e-01,-2.053222871441509056e-01,-6.101264974668130225e-01,-5.210974509533181642e-01,-7.938455629795222457e-01,5.665708323110025812e-01,-9.863587898797778752e-01,-4.424515148639351914e-01,-3.205091843881716862e+00
-8.017228551335890963e-01,-4.061314271108535934e-01,-3.291471503167680002e-01,5.811845738159309160e-01,6.028849589095282013e-01,1.511775451794756808e-01,-4.617660292207264039e-01,-5.056803248980317189e-01,1.670129264485016307e-01,-5.143637862928043258e-01,4.360414042330289508e-01,-6.311927199542113343e-01,7.565421553955284928e-01,8.953554400507435229e-01,-5.364161722226452600e-01,-5.069947349626484634e-01,-6.990788344635636697e-01,-9.339404416179777346e-01,6.670662986464217514e-01,-7.055788184932569873e-01,-1.104009805779233577e-01,9.977419091469905688e-01
-2.189924254367183742e-01,3.468127394949720443e-01,-7.496402941867672531e-01,-5.456806004666039378e-01,2.037544680647007667e-02,9.963088235608819065e-01,9.744584636476114614e-01,1.069522253729267014e-01,-8.010586503114067725e-01,-9.237943651473987661e-01,-1.856314427411227541e-01,-3.617966079088008602e-01,9.542977149873914655e-01,8.460366126944929288e-01,-9.315625083639791360e-01,-6.385319754483598231e-01,-4.880967394485797861e-01,5.572280308785504399e-01,7.597891049330633972e-01,8.431183265530051152e-01,-5.642713962177727804e-01,9.737175003832791997e-01
-8.745428548884743858e-01,-6.949767029227829074e-01,-8.911706769790566085e-01,8.724698890467887935e-01,-7.134001099991824635e-01,4.731836788646326397e-02,-3.451393244147722417e-01,3.868183086805994098e-01,-2.948969341045373227e-01,3.634390906879514382e-02,7.029056968083677859e-01,-3.763191746122918069e-01,-8.893331314634429496e-01,-6.045745912251698773e-01,1.568941384694870766e-01,3.244992401839352780e-02,-6.070709770150604090e-01,8.522884856374468576e-01,-1.838156621640920640e-01,-1.468360409195033078e-01,-8.038762109720916094e-01,-3.965917139781386602e+00
-1.969152537583895857e-01,1.807872501055796111e-01,6.515429828094307929e-01,7.659841018319415440e-01,6.096722297176659922e-02,9.781312227363740952e-01,-3.006502831838981926e-01,3.170911889241860848e-01,2.414228690945228184e-01,4.142831803717847983e-01,-4.277836914715347216e-01,-1.528083589667288411e-01,6.321878506691216426e-01,-6.603417392998895963e-01,5.745203776742773272e-01,3.507397976393547001e-01,9.862642882396035482e-01,4.567158596635405576e-01,-5.838507424818561997e-01,-9.364479746326443976e-01,-1.453686972830381396e-01,-2.057439853632791582e+00
4.462213266667356404e-01,-4.180331786963309426e-01,-5.279116979148943400e-01,7.913379282471513232e-01,3.603097438513898076e-01,-6.820603126777475822e-01,5.125431241400326687e-01,-3.416250168635215356e-01,-7.308739033666689089e-02,-7.099221004191096362e-01,8.111737846281985576e-02,4.495449038270422637e-01,-6.200827780153692625e-01,8.610915170377879679e-01,3.468204495845921276e-01,-8.194333253162962016e-01,6.482244160942076672e-01,-2.123774787390642071e-01,-2.958445281849573227e-01,-2.788398768751363388e-01,9.555127971839685319e-01,5.101264549767514644e+00
3.076356897189036488e-02,-8.068310946002719142e-01,2.095749700093607615e-02,2.278294453328366664e-02,6.575783977060885022e-01,2.254215492354745276e-01,-2.044937722285935511e-01,-5.959336587983659062e-01,8.019857267242211929e-01,5.679011787341539108e-01,3.568325866558585968e-01,-4.680559754762025904e-02,-4.069610449153016063e-01,-2.995832638919710966e-01,6.181264498324479106e-02,-8.559375079210234105e-01,-2.688163471586459963e-01,-4.683922836034248860e-02,3.757959428945971680e-01,-7.611092818496039136e-01,7.287571041391214255e-01,1.382611012404828754e+00
-8.969165175219824260e-01,7.934697359784204096e-02,-6.965767573873868912e-01,-6.362758139934743262e-02,-7.677345508528417017e-01,4.330231444268293206e-01,2.804569721664069704e-01,-1.880701218434217559e-01,4.144415462625266056e-01,7.821462526593037090e-02,9.723301870928855450e-01,5.039102917048210450e-01,1.840569292587423966e-01,3.420740239754158640e-01,-6.749106277972596324e-01,-4.564163075546701087e-02,4.165034014665816020e-01,-8.710543358579743156e-01,1.472287376456016261e-02,-2.191965254436845090e-01,7.183590738456839819e-01,3.119682241654290866e+00
-8.009855752809926788e-01,-5.556224355137011628e-01,-3.641451129584427626e-01,-1.957401347134624103e-01,2.829975388357757193e-01,-2.408932183731988808e-01,-7.276796170178285728e-01,7.774868618865140579e-01,9.590093878114673842e-01,8.601001957140272935e-01,-8.438398874283610240e-01,-7.865575289169113304e-02,1.758970389025926728e-01,-8.425827318700760404e-01,-5.327225853076615891e-01,-1.643491364574178881e-02,9.895067430560280375e-01,4.359912418350158081e-01,2.174086368526215729e-01,-1.843353939436063182e-01,9.149135910530401539e-01,3.318956924011398080e-01
7.315033424734436185e-01,-8.029020388179834988e-01,7.175970768831683166e-01,-8.646427064284358810e-01,-2.057808462022827634e-01,-1.513491254684478093e-01,-6.223376939085583093e-01,7.278382267289857932e-01,-3.577876489331284215e-01,2.705887697414754989e-01,-5.052279570422681942e-01,-5.148537187996702347e-01,-8.378189664714619234e-02,2.071090162224920039e-01,-5.518473130193801701e-02,-5.100566045707135565e-01,-3.420443660349605786e-01,-2.846864739203229799e-01,-7.230109007523244369e-01,1.495559044725782716e-01,-7.300086297912198319e-01,-2.398145550837234019e+00
7.435905264154860639e-01,8.714729034399688601e-01,4.938534167909276462e-01,-6.496142712481072223e-01,-5.103381138155664853e-01,8.619778664146000580e-01,-2.185668342282109933e-01,7.681073923030996564e-01,3.797367506086095634e-01,6.860860164382927007e-01,1.063282105615981354e-01,-4.144653021088462452e-01,9.457542561240153134e-01,1.465175150303792417e-01,2.628174049063820572e-01,-1.959222998073346655e-01,7.937334354239657941e-01,-7.745002426578428967e-01,6.481543903698050446e-01,7.522487593344187040e-01,-2.815208145241190341e-01,-7.700942477398096120e-01
8.632643242105864090e-01,6.943707117613244773e-01,2.652233445440741466e-01,-1.996706829731247357e-01,3.503468279582486744e-01,-9.371173972995270329e-01,-9.814262734995977677e-01,9.940376514818671794e-02,2.623668217803676317e-01,9.645957189312650559e-01,4.928923672959786284e-01,-6.067839427048193901e-01,8.308657856647205797e-02,8.856161561791968673e-01,-3.127094803516505817e-01,7.849535467534016764e-01,-1.354757976786968854e-02,2.465480186732478263e-01,6.006453694002884536e-01,4.562538957801896000e-01,-3.629956722605283126e-01,-2.991809779227889710e-01
2.714137879872340342e-01,-1.333581694933705375e-01,3.902823557602543847e-01,4.230492798121361364e-01,-3.417791317540075369e-02,-2.926470387056954170e-01,-7.073424636926874953e-01,-7.480407641416189080e-01,7.964348058927377405e-01,7.710660198364780449e-01,3.884301499666493740e-01,-1.846897036617622945e-02,8.732010404335901477e-01,-8.068560722068776059e-01,-3.725533388345705355e-01,3.994005507889752948e-02,-9.084309303813391523e-01,-4.788539109382015102e-01,-5.765875609095885146e-01,-7.283247026029959770e-02,-3.819796408061235660e-01,-3.466993530524813405e+00
-4.539209156438570592e-01,-9.917900679797995167e-01,9.253464401278654883e-01,8.805293402652725199e-01,6.596522796317010329e-01,-5.107946025596741269e-01,-4.663395774525875837e-01,-2.107733385585031094e-01,6.717897521146456441e-01,-3.303573447337964097e-01,7.011879799086824239e-01,-6.569350142031857853e-01,-3.888519281241897829e-01,8.778695472676756317e-02,4.798861238150016195e-01,-7.795960663742558250e-01,7.949194472478986473e-01,-1.404197872711983042e-01,-9.404296289065439129e-01,9.584604168933164026e-02,5.209470607469015579e-01,1.272075514241652217e+00
-8.658661162562975022e-01,-6.573516179653324798e-01,5.298649896718270469e-01,8.764501640434689822e-01,9.364387918379235565e-02,6.208412801485281296e-01,-6.189436353002828461e-01,4.991961255855041912e-01,9.059135477101454281e-01,-2.370325662191614668e-01,8.740316928273021979e-01,-3.515102308405035902e-01,-4.787573920448824349e-01,-7.942399404529836282e-01,-6.391446622961276525e-01,-5.997104891664162274e-01,-7.476812208836165485e-01,3.701005472371992067e-01,-5.439654690034254614e-01,-6.570204251626134972e-01,-7.248430659259523789e-01,-4.381952713984107461e+00
7.492201515556782265e-01,6.798761788321072697e-01,6.822340070796597544e-01,7.903836827297250345e-01,8.285819140949157724e-01,-3.479629523996996543e-01,6.544435273720146107e-01,2.014378897083402009e-02,1.724333019565038594e-01,2.105146960085417795e-01,-5.730897713737257426e-01,-3.052677338134193175e-01,9.363521496618369966e-01,8.518960897188398995e-02,-7.175352754325883264e-01,6.790923185834711884e-01,-1.333325992736122956e-02,-4.911326526897805689e-01,9.363612249110400132e-01,7.111232741412076841e-01,-2.127960519145102314e-01,1.864345895722518964e-01
-1.564702807643669757e-02,7.988715434680895289e-01,7.794707107410148161e-01,2.720173623381854089e-01,1.793969622589588475e-01,-1.053000312167151620e-03,3.380245803091674883e-01,7.461815883444500308e-02,8.997768680103217509e-01,3.280914380775703520e-01,6.517047961568911418e-02,6.828965843251011414e-02,-5.062481449577886927e-01,6.636866870983415545e-01,3.373313443232899278e-01,-6.888487016409963193e-01,9.986565890615308749e-01,8.736505265461227410e-01,9.514195344585183456e-01,-3.351512489462247224e-01,4.268171761594699021e-01,2.945849482984260526e+00
-2.100445273996343065e-01,7.057756828034025265e-01,7.479779104717794169e-01,6.433275559972060353e-01,5.512213217495964823e-01,8.393750322861504021e-01,-2.071512846760326099e-01,-5.926063686543465714e-01,-7.549010564064511097e-01,-8.605050843813752959e-01,-7.821365075853161652e-01,9.223441891517960567e-01,6.378195420993588716e-01,-9.090595514054160553e-01,5.053043580670246726e-02,-6.012419620798801212e-01,4.269010726309607762e-01,8.369180799932380843e-01,-7.020567825159111930e-01,-2.368900033972860530e-01,7.136214473327928687e-02,-1.811183953287026860e+00
-7.416304555206230109e-01,-5.583523433240211720e-01,3.806012239034370914e-01,2.615476030385677220e-02,4.537670773976356653e-01,9.799097159949210489e-01,9.724763720228473129e-01,-9.841226714859716562e-01,-7.533001829419259110e-01,-9.696288625025677455e-01,9.402411005510979969e-01,-2.658588043724299244e-01,3.442897637844501979e-01,-8.331785415231296454e-01,-8.235095388562618801e-02,-4.915719722663660640e-01,-9.923107491669853619e-01,5.856056938942879597e-01,-2.943420189534353693e-01,3.532376693824446079e-04,2.901826242337921524e-01,1.766671616779644793e-01
2.510191267267214421e-02,7.242737432660297792e-01,4.456685899622843117e-01,6.892737892809659428e-01,4.238058365958770057e-01,-7.776181220315825371e-02,2.859105857269184092e-02,-4.610305505523415448e-01,-9.705553446512631410e-01,8.827391292605504258e-01,-4.957770998194173107e-01,4.088480129796945306e-01,-7.219737241305146380e-01,-4.673286654898365367e-01,-1.954108452895351178e-01,8.044967733612651273e-01,7.628725560657845239e-01,-9.955388534400493317e-01,5.572393105076698383e-01,-8.522784147255344500e-01,-4.881620373105863830e-01,-2.370552384338740382e+00
-3.930191426624107809e-01,2.550583268781898560e-01,-7.797832215910989184e-01,-7.145647806274073588e-01,-3.302948190250636351e-01,2.775714881731590200e-01,4.055738907518460223e-01,4.784969536483942854e-01,-6.329503448192608239e-01,1.742846795681778360e-01,5.048919918205863056e-02,6.363071368884469781e-01,-5.172213272971601938e-01,8.308681959858190691e-01,-9.168853494224966649e-01,3.781064305210526388e-01,-6.968764788496562002e-01,8.259550950529841451e-01,-6.159142195355182814e-01,1.789754080155434579e-01,4.920527181336900036e-01,3.543468437124554171e+00
-8.903319208656150785e-01,9.177891580568930952e-01,7.836368657084797906e-01,-5.494253294951187971e-01,3.038092251960868850e-01,3.888213454338020902e-01,6.666238617249218290e-01,-1.138847573393741985e-01,-6.273425616352001910e-01,-3.813188295104463776e-03,-6.957705714693738219e-01,-6.382338019201496682e-01,-1.635408321940154952e-01,-6.735319441996199252e-01,-7.693695086214578094e-01,-6.718674602337111335e-01,-1.670584296801413959e-01,-9.019140333971875645e-01,6.243911400386177313e-01,7.741168286197979143e-01,-7.120850704401815445e-01,-2.816695237994862211e+00
9.626110808029937349e-01,-1.566245671493504688e-01,4.426561277201233047e-01,4.590789738579588164e-01,-8.641807885930894439e-01,-4.336389727553482398e-01,6.673057505741570861e-01,3.599785306893266146e-02,2.098905719729329267e-01,-2.295592274000075594e-01,-9.633505977508745044e-01,-1.121442293467740381e-01,-3.663757628209811656e-01,-9.711867097875588328e-01,3.485084533706639398e-02,9.661861380204865846e-01,2.060217170537659293e-02,-9.636722935964674441e-01,7.393816973358353639e-01,9.289548796874633751e-01,4.516157024455256241e-01,7.977943833561629283e-02
-4.879788132929516742e-01,-1.310970873362309330e-01,-7.478398786723137182e-01,4.864649318701734781e-01,-9.493929098778117748e-01,-3.044475703623075180e-01,-7.944683422951748231e-01,-7.855513285529915901e-01,7.964318926883755534e-01,4.647818994263259729e-01,-9.514350144978029888e-01,-2.498576306595823304e-01,-5.513084592321588762e-01,8.002343803684361934e-01,3.523748221338836029e-01,-1.567886809257994507e-01,-4.066865131312131787e-01,2.156828347946124769e-01,-7.242971454682212151e-01,1.756661280443525541e-01,3.453803317249632965e-01,1.842141413616587453e+00
-5.268633077271718257e-01,-6.484830237838192790e-01,9.175568370190765322e-01,2.939390766528848786e-01,-6.640123963481541214e-01,4.922901622458120130e-03,-4.608407366178457476e-01,-4.730862891921916447e-01,-8.779888403196975943e-01,2.604269337584697031e-01,8.753951310678220743e-02,-9.643380313198122167e-01,-1.613126869988068535e-02,-3.900855902118240959e-01,-1.429532527771226746e-02,2.516583593741898994e-01,3.685914784773156594e-01,-6.227822937684208693e-01,-9.706881959170245988e-01,-7.299447923060295995e-01,3.286645952445188534e-02,-1.142412538468138283e+00
4.967544600461770710e-01,-8.118119619692063527e-01,2.692514801008072389e-02,9.190387161480839673e-02,-2.739964503116238959e-01,-2.202162419866424692e-01,8.179755083376702984e-01,7.583802211860790621e-02,-5.203809080540664489e-01,1.652568753419483283e-01,-7.300493460588040051e-01,-9.802727452269033304e-01,-3.364078879941800881e-01,-7.484183312999277415e-01,-8.191151649125620882e-01,6.756500059942993630e-02,3.630180600255643597e-01,7.072021977032518780e-01,-6.415582352174999947e-01,3.706274757730760872e-01,3.029730896778755067e-01,2.300581147714413355e-01
-7.259878631760376955e-01,6.074717454730338417e-01,-8.921701588794812565e-01,-3.041306605400186935e-01,6.106863337212433684e-01,-1.074905871700093662e-02,-3.876986764761887194e-01,6.509234064845257350e-01,-8.119297255940383096e-02,-2.414340222928479385e-02,2.621661717553349646e-01,8.150825740122005225e-01,4.026596048768731340e-01,-4.241844971468407000e-01,-3.756193870867461371e-01,-5.651632442854672700e-01,3.875879970869271496e-01,2.556589470137011766e-01,-7.497639468940686669e-02,-7.848803626056721772e-01,4.758475144072804586e-01,1.914748724519712564e-01
2.824382741881374947e-01,-1.035921833908661771e-01,5.028295533281346152e-02,-2.723959441664336456e-01,3.716952233256787252e-02,-7.683155256914750986e-01,-6.248551518083975687e-01,-1.773223850410112767e-01,-7.526911846881321200e-01,6.194263510720015020e-01,-6.319993244586519232e-02,-2.312458239100132484e-01,-8.573890051555173031e-01,5.958070456777520008e-02,-6.412568933951674488e-01,-9.675930590261621056e-01,-4.438279940123337486e-01,-2.945445030323341484e-01,-1.830965604763454824e-01,4.458587033020176005e-01,-7.813668124712069840e-01,-2.849794180086468121e+00
-5.118283104583427612e-01,2.341884142533130486e-01,-9.438063815651287491e-01,3.006393025673514963e-02,8.960849754799571354e-01,-2.604334331859639029e-01,-4.607349686737141070e-01,-5.475347939938430830e-01,4.825736726288476497e-01,-9.482814904022007774e-02,7.113660700651449620e-01,4.735739004121894968e-01,2.249938729918328217e-01,-8.650732750984713171e-01,-4.113573566728110364e-01,-8.779399213551419834e-03,8.494527451636835202e-01,2.172828743076440361e-01,-3.085367951089237337e-01,1.404899130857002465e-01,5.731801705634846922e-01,-4.713410071802026646e-01
-4.875293308206507525e-02,-5.280315583574779481e-01,4.445915401701996394e-01,-4.669453903064140210e-01,-4.092883954270956082e-01,2.729283452228481455e-01,8.012812822188368767e-01,-6.972230537524166660e-01,1.402527449958042016e-01,-7.198377726932474463e-01,-5.584173774101319765e-02,1.428833374440388049e-01,-4.038855955314852864e-01,3.385128478863621559e-01,2.100730531115040378e-01,-5.868157072059876356e-02,-9.433664192161796969e-01,9.777581005344129217e-01,5.295934203914676175e-01,7.590546392192207836e-01,1.961860041235519159e-01,2.066864990362216936e+00
9.981384322887927318e-01,9.344176519166540462e-01,9.233578268297846225e-01,-7.287467865765706598e-01,7.454149577509316948e-02,3.135626572424030645e-01,-3.472532655109881183e-01,-5.157968542599260520e-01,-5.790128755386563242e-01,-6.231465372460878172e-01,6.590083476437880172e-02,9.755660776608701124e-01,-4.344627562647394026e-01,8.939758592356248368e-01,8.302932000016127745e-02,-4.374442303160117618e-01,9.093177665736043025e-01,-4.645446990535215814e-01,4.488478154673791742e-01,8.511824903942237786e-01,3.544143863201241196e-01,2.503941611920633914e+00
-7.347574737164488390e-01,-3.024900813648088160e-01,-1.235471735398547821e-01,-8.611404383473599822e-01,2.735595830892187941e-01,3.739935219303069935e-02,7.496714618610380576e-01,-3.085606428337885898e-01,6.972275672706584881e-01,-9.409857298979138474e-01,6.164002431596129483e-01,-7.906919409585313474e-01,2.118437209809562738e-01,6.251769642878504118e-01,-5.720359700567410055e-01,7.910386763650181230e-01,8.950860981268107253e-01,-1.810537331237846992e-01,-7.208798684175425908e-01,4.725391836090775399e-01,-7.194273688521959365e-01,-1.582567161198489281e-01
-2.175308024767343973e-01,-6.274317841241077165e-01,-8.778052071708188908e-01,8.257367464153158032e-01,6.009097814528840953e-01,3.439415190744266049e-02,-5.756426511081920161e-01,4.010655382945684799e-01,-8.761289112941343937e-01,2.431058943727373300e-01,-8.781828704726892809e-01,2.921745787859666432e-01,5.477839340278676250e-01,9.245654181056746079e-01,-8.236463513252978430e-01,7.853350077364940063e-02,6.308350552656176724e-01,-3.252757831476433825e-01,4.344744709420811368e-01,-2.022577532598022199e-01,7.700705001441554565e-02,1.504509335146403837e+00
1.980084068300125288e-01,5.028705878143702179e-01,5.259243763836358720e-01,1.948281627535568550e-01,-6.208182043592760380e-01,-2.689004518568558488e-01,-1.273676385104858255e-01,8.096785242468018673e-02,4.544647812019930733e-01,-7.121931286602587452e-01,6.072805172764723647e-01,4.416774088237307438e-02,6.314376684822293750e-01,4.466254006930063802e-01,6.556287222404391102e-01,-9.301545015182981491e-01,-7.282612885525141522e-02,3.278181305055245520e-01,2.246195504602999105e-01,-6.869744871163989686e-01,-9.810092732043460551e-01,-2.177144656737511230e+00
-3.172191033160758344e-01,-8.356319466155019970e-01,2.173368390989462995e-01,-2.303370568381211125e-01,-2.409117133339999661e-01,-1.959224568752302442e-01,-2.497264213569896363e-01,-7.522369648842617273e-01,-8.224069015705697261e-01,-6.898335685448615529e-01,-1.359720061293525628e-01,8.916484866953520161e-01,-2.982397831051986081e-02,7.101173149560993103e-01,-4.641275751340097067e-01,-3.604369041481811919e-01,2.513421984885744198e-01,5.998650158301581659e-01,7.855010046749331121e-01,-2.607013880732174105e-01,2.426766542663805204e-02,1.243311204835123140e+00
-6.297502772243506186e-01,-3.477238988841779843e-03,2.787212843188746625e-02,-3.286334364839977873e-01,-3.553410325175552220e-01,-5.566187820720982504e-01,-2.525408237534443323e-01,3.614959944803717296e-01,2.521258748794785731e-01,-5.081600728709374515e-01,-2.076103881633584169e-01,9.752080334476787016e-01,7.653696103581193455e-01,2.756474441063831993e-01,-2.736427455980079415e-01,6.338405551968118168e-01,6.960756573775528366e-01,9.308046976331167954e-01,9.104111610974319202e-01,2.448156290208700625e-01,-6.236601336489202563e-01,-1.572226336487438703e+00
1.493345425199628096e-01,-4.778393566713441398e-01,-5.918974386544593180e-01,-7.882589752445146036e-01,-2.400156418650478685e-02,1.465190438555346031e-01,9.218804298964533572e-01,1.842018019291336017e-01,1.631008955867030430e-02,-1.967154621050393182e-02,-2.692933582441412455e-01,1.740366223395866108e-01,-4.260944408363154245e-02,-7.796173348427573035e-01,4.333553109780821089e-01,4.121082475783290899e-01,6.678460931282987900e-01,8.520464867160599809e-01,7.892614677241887033e-01,-2.596483931067250506e-01,5.383313026988103545e-01,9.776396683073698135e-01
-6.871761735892787382e-01,8.841905354576780063e-01,-8.076628224404578393e-01,3.762796882675243371e-01,3.494264513730005461e-02,-4.108584390691412125e-01,-3.899782829147555585e-01,3.383458287774325779e-01,-4.287092041982405455e-01,1.833814045279869021e-02,-8.044895141828913854e-01,9.051648369186446885e-01,7.667217624778490670e-01,-7.981239246449489677e-01,1.968365706473365062e-01,3.888599723026746613e-01,7.254470034753210950e-01,-7.957367442215323994e-01,2.391286111293629002e-01,-9.826494083176577909e-01,1.705287688766161658e-01,-1.474639825574804997e+00
4.654775319331845296e-01,-5.722282283749047238e-03,-8.824105254700680412e-01,-1.177634967622007700e-01,-5.313015339532147774e-01,3.208810340828869290e-01,-1.072120764166983875e-02,-5.677422472646049822e-01,7.216338880378734277e-01,4.303415654933058221e-01,-8.073529022661234400e-01,-4.237326446947855541e-01,3.313094244404113375e-02,2.454772313645763315e-01,-9.639520926338061013e-01,4.308274809574379471e-01,-1.521063974176426470e-01,6.350922007177233208e-01,-9.946956379983531438e-01,-1.798992133654864212e-01,-8.618895289209371757e-01,-2.105435331675328925e+00
-4.260332171253491396e-01,3.278166992130395752e-01,8.531116715590105759e-01,-7.377776471215204968e-01,-8.174501794105342167e-01,9.235839493194488714e-01,6.124140025989568414e-01,-8.596975166231310972e-01,-4.094789495730308815e-01,5.502221856551503532e-01,-1.709961575101681674e-02,-4.794713898023128529e-01,8.715353990943388585e-01,6.595285899263743090e-01,2.004668001976104286e-01,-2.621177542936403704e-01,-2.166085184887103221e-01,6.409154085947710300e-02,-3.307338668448585040e-01,2.982574930685568670e-01,-1.595504416652613333e-01,1.452819857455921460e+00
-2.455134956905635768e-01,9.893244465038337765e-01,-2.252659328923489745e-02,1.324100660354603498e-01,-9.886429012818604978e-01,7.901124467993816403e-01,-4.798775392317162769e-01,-5.784209518769065639e-01,-2.890163993771628359e-01,9.982251295766582100e-01,7.821823208801239602e-01,7.399873512409718135e-01,-1.998390740231186236e-01,-3.669553764769177828e-01,8.717498125044864654e-01,-2.640634542139199681e-01,-9.827451950148788917e-01,6.964803883159200737e-01,-3.349359351570333487e-01,-3.441245335170761699e-01,-8.070305397667285607e-01,-3.634879911485737747e+00
-8.159070603605402816e-01,-1.867529160291030443e-01,2.678834217020573671e-01,3.731995130450593834e-02,-1.960318188908298787e-01,-5.514451724551361345e-01,-8.888034440749772447e-01,-6.701418127010621006e-01,-5.775884363185168624e-02,-5.244162694990661677e-01,8.538954753448737556e-01,-8.820971933154364564e-01,6.474981757135616078e-01,7.147762182695744926e-01,-6.604921127585543505e-01,-7.991726259212950101e-01,-2.987340987562192574e-02,2.484033433487049525e-01,-8.942457461411619235e-01,-9.044139643162374398e-01,-4.468994245897697226e-01,-7.999492813051374274e-01
-9.039308783452235652e-01,7.799221528821416172e-01,5.787227731226314287e-01,6.198644422927683806e-01,-9.317550873604061312e-01,-3.508912246486939335e-01,-7.475012629781720985e-01,3.117674034414292805e-01,-3.266394485408339321e-01,6.842602797469985454e-01,5.430459803035847521e-01,7.226224659418061247e-01,-3.963198016246300970e-01,-4.376420122798510004e-01,1.450309822386348646e-01,-7.422722039425011520e-01,4.112359079001781659e-01,6.860500205683657260e-01,-5.472663255961138784e-01,1.902719443375089359e-01,-3.114259170948323607e-01,-2.557063038822371404e+00
3.706758343828420177e-01,-3.384518271636545172e-01,-4.689231439910239718e-01,-8.739293886822536717e-01,-7.593440189905014126e-01,2.530784250529125590e-01,1.814459723505217337e-01,-8.049497350835104204e-01,5.770055831161011728e-01,2.880084868236780782e-01,-1.308126558661242278e-01,2.792678557167034281e-01,-6.175143943755152520e-01,2.279213528346053508e-01,8.316162839223129044e-01,-9.665512974364804943e-01,-6.739972726680028003e-01,6.998493843072992604e-01,-2.895622948246499018e-01,-4.718762609877573677e-01,-4.111095214128224207e-01,-5.960398862187348268e-01
8.780073102558083598e-02,8.849483047233210886e-01,5.050944308423934714e-01,4.339710862351313647e-01,-8.823617469788702650e-01,7.996098060140759411e-01,1.228134703253740412e-01,-7.230309748884167220e-02,6.127273828530004351e-01,-1.523411860430472498e-01,-3.107038549375351622e-01,3.558961511285361201e-01,-6.740122620566046940e-02,5.377387989234565513e-01,6.165355376687764455e-02,-4.505490063737638273e-02,-4.881906038643690771e-01,-3.155371506082900179e-01,-6.928818165041230603e-01,9.917840758059148776e-02,-1.672186676140354766e-01,6.966350653301807139e-01
3.469053502342427375e-01,-7.108617466102209459e-01,-5.570614896189329812e-02,4.475571967399794016e-01,-8.117286725552896876e-02,6.804770421116626000e-01,-7.046275774932002633e-01,4.262253285703581085e-01,-6.848791851531723651e-01,-3.984542428169441930e-01,-2.126482348943963263e-01,-2.066091123732642920e-01,1.655224496791858346e-01,-9.425085360851086502e-01,2.654929543983133300e-01,-5.774649076541833459e-01,-6.827800243504502653e-01,-3.267164073423154402e-01,2.645818596207207829e-01,-5.530681045366163673e-01,-2.369284089914858171e-02,-2.660723172360863309e+00
-7.506443826892459370e-01,2.863700874043551003e-01,-9.154763025712910895e-01,2.168428903020931386e-01,-2.543969663545568860e-01,1.366555241095122053e-01,-8.021511508853040873e-02,1.277026933374987294e-01,-3.207224985038279463e-01,-6.724274282157263194e-01,-2.424586982360921183e-03,6.453163667455541486e-01,-3.132624360167166611e-01,4.094957560580310130e-01,-3.240360882580592961e-01,7.174139534717094424e-01,5.517207374147554688e-01,-6.236435064977268183e-01,2.206221912401469254e-01,3.843615556220081331e-01,5.105665915736778970e-01,2.270476171748565086e+00
